{"response":{"header":{"resultCode":"00","resultMsg":"NORMAL_SERVICE"},"body":{"dataType":"JSON","items":{"item":[{"baseDate":"20200219","baseTime":"0200","category":"POP","fcstDate":"20200219","fcstTime":"0600","fcstValue":"0","nx":98,"ny":73},{"baseDate":"20200219","baseTime":"0200","category":"PTY","fcstDate":"20200219","fcstTime":"0600","fcstValue":"0","nx":98,"ny":73},{"baseDate":"20200219","baseTime":"0200","category":"R06","fcstDate":"20200219","fcstTime":"0600","fcstValue":"0","nx":98,"ny":73},{"baseDate":"20200219","baseTime":"0200","category":"REH","fcstDate":"20200219","fcstTime":"0600","fcstValue":"50","nx":98,"ny":73},{"baseDate":"20200219","baseTime":"0200","category":"S06","fcstDate":"20200219","fcstTime":"0600","fcstValue":"0","nx":98,"ny":73},{"baseDate":"20200219","baseTime":"0200","category":"SKY","fcstDate":"20200219","fcstTime":"0600","fcstValue":"1","nx":98,"ny":73},{"baseDate":"20200219","baseTime":"0200","category":"T3H","fcstDate":"20200219","fcstTime":"0600","fcstValue":"1","nx":98,"ny":73},{"baseDate":"20200219","baseTime":"0200","category":"TMN","fcstDate":"20200219","fcstTime":"0600","fcstValue":"1.0","nx":98,"ny":73},{"baseDate":"20200219","baseTime":"0200","category":"UUU","fcstDate":"20200219","fcstTime":"0600","fcstValue":"2.4","nx":98,"ny":73},{"baseDate":"20200219","baseTime":"0200","category":"VEC","fcstDate":"20200219","fcstTime":"0600","fcstValue":"308","nx":98,"ny":73},{"baseDate":"20200219","baseTime":"0200","category":"VVV","fcstDate":"20200219","fcstTime":"0600","fcstValue":"-1.9","nx":98,"ny":73},{"baseDate":"20200219","baseTime":"0200","category":"WSD","fcstDate":"20200219","fcstTime":"0600","fcstValue":"3.1","nx":98,"ny":73},{"baseDate":"20200219","baseTime":"0200","category":"WAV","fcstDate":"20200219","fcstTime":"0600","fcstValue":"0.5","nx":98,"ny":73},{"baseDate":"20200219","baseTime":"0200","category":"POP","fcstDate":"20200219","fcstTime":"0900","fcstValue":"0","nx":98,"ny":73}]},"pageNo":1,"numOfRows":14,"totalCount":170}}}